<?xml version="1.0" encoding="UTF-8"?><idempiere Name="2Pack_1.0.1" Version="1" idempiereVersion="" DataBaseVersion="" Description="Model Generator directly from IDempiere " Author="" AuthorEmail="orlando.curieles@ingeint.com" CreatedDate="2018-07-04 20:58:19.08" UpdatedDate="2018-07-04 20:58:19.08" PackOutVersion="100" UpdateDictionary="false" Client="0-SYSTEM-System" AD_Client_UU="11237b53-9592-4af1-b3c5-afd216514b5d">
    <AD_EntityType type="table">
        <AD_Client_ID>0</AD_Client_ID>
        <AD_Org_ID>0</AD_Org_ID>
        <EntityType>ING</EntityType>
        <IsActive>Y</IsActive>
        <Name>INGEINT</Name>
        <Description>INFORMACION GERENCIAL INTEGRAL INGEINT SA</Description>
        <Help>www.ingeint.com - Orlando Curieles / orlando.curieles@ingeint.com</Help>
        <Version>1.0</Version>
        <ModelPackage>com.ingeint.prodontomed.model</ModelPackage>
        <Classpath/>
        <Processing>N</Processing>
        <AD_EntityType_UU>ae08115c-d2a4-476f-aed2-157e8f4c7c91</AD_EntityType_UU>
    </AD_EntityType>
    <AD_Menu type="table">
        <SeqNo>17</SeqNo>
        <AD_Client_ID>0</AD_Client_ID>
        <AD_Org_ID>0</AD_Org_ID>
        <Name>Model Generator</Name>
        <Description/>
        <Action>W</Action>
        <AD_Window_ID reference="uuid" reference-key="AD_Window">0c1f3826-711f-49b9-85ee-c4afba7d6abf</AD_Window_ID>
        <AD_Workflow_ID reference="id"/>
        <AD_Task_ID reference="id"/>
        <IsActive>Y</IsActive>
        <IsSummary>N</IsSummary>
        <AD_Process_ID reference="id"/>
        <IsSOTrx>N</IsSOTrx>
        <AD_Form_ID reference="id"/>
        <IsReadOnly>N</IsReadOnly>
        <EntityType>U</EntityType>
        <IsCentrallyMaintained>Y</IsCentrallyMaintained>
        <AD_Menu_UU>b31198c2-334a-40b6-8dcb-6fed1d9be1c3</AD_Menu_UU>
        <AD_InfoWindow_ID reference="id"/>
        <AD_Menu_Trl type="translation">
            <Name>Generador de modelo</Name>
            <Description/>
            <AD_Language>es_EC</AD_Language>
            <IsActive>Y</IsActive>
            <IsTranslated>Y</IsTranslated>
        </AD_Menu_Trl>
        <AD_Window type="table">
            <AD_Client_ID>0</AD_Client_ID>
            <AD_Org_ID>0</AD_Org_ID>
            <Name>Model Generator</Name>
            <Description/>
            <Help/>
            <IsActive>Y</IsActive>
            <WindowType>M</WindowType>
            <Processing>N</Processing>
            <AD_Color_ID reference="id"/>
            <AD_Image_ID reference="id"/>
            <EntityType>ING</EntityType>
            <IsSOTrx>Y</IsSOTrx>
            <IsDefault>N</IsDefault>
            <WinHeight>0</WinHeight>
            <WinWidth>0</WinWidth>
            <IsBetaFunctionality>N</IsBetaFunctionality>
            <AD_Window_UU>0c1f3826-711f-49b9-85ee-c4afba7d6abf</AD_Window_UU>
            <TitleLogic/>
            <AD_Window_Trl type="translation">
                <Help/>
                <Name>Generador de modelo</Name>
                <Description/>
                <AD_Language>es_EC</AD_Language>
                <IsActive>Y</IsActive>
                <IsTranslated>Y</IsTranslated>
            </AD_Window_Trl>
            <AD_Table type="table">
                <AD_Client_ID>0</AD_Client_ID>
                <AD_Org_ID>0</AD_Org_ID>
                <Name>Model Generator</Name>
                <Description/>
                <Help/>
                <AD_Window_ID reference="uuid" reference-key="AD_Window">0c1f3826-711f-49b9-85ee-c4afba7d6abf</AD_Window_ID>
                <AD_Val_Rule_ID reference="id"/>
                <TableName>ING_ModelGenerator</TableName>
                <LoadSeq>0</LoadSeq>
                <AccessLevel>4</AccessLevel>
                <IsActive>Y</IsActive>
                <IsSecurityEnabled>N</IsSecurityEnabled>
                <IsDeleteable>N</IsDeleteable>
                <IsHighVolume>N</IsHighVolume>
                <IsView>N</IsView>
                <EntityType>ING</EntityType>
                <ImportTable>N</ImportTable>
                <IsChangeLog>Y</IsChangeLog>
                <ReplicationType>L</ReplicationType>
                <PO_Window_ID reference="id"/>
                <CopyColumnsFromTable>N</CopyColumnsFromTable>
                <IsCentrallyMaintained>Y</IsCentrallyMaintained>
                <AD_Table_UU>20eb1661-bfd2-47d9-a7b5-798846434877</AD_Table_UU>
                <Processing>N</Processing>
                <DatabaseViewDrop>N</DatabaseViewDrop>
                <CopyComponentsFromView>N</CopyComponentsFromView>
                <AD_Element type="table">
                    <AD_Client_ID>0</AD_Client_ID>
                    <AD_Org_ID>0</AD_Org_ID>
                    <IsActive>Y</IsActive>
                    <ColumnName>ING_ModelGenerator_ID</ColumnName>
                    <Name>Model Generator</Name>
                    <Description/>
                    <Help/>
                    <PrintName>Model Generator</PrintName>
                    <PO_Description/>
                    <PO_Help/>
                    <PO_Name/>
                    <PO_PrintName/>
                    <EntityType>ING</EntityType>
                    <AD_Element_UU>1270534d-0321-4cb9-968c-2f453d1b9168</AD_Element_UU>
                    <AD_Element_Trl type="translation">
                        <Help/>
                        <PO_Description/>
                        <PO_Help/>
                        <Name>Model Generator</Name>
                        <Description/>
                        <PrintName>Model Generator</PrintName>
                        <PO_Name/>
                        <PO_PrintName/>
                        <AD_Language>es_EC</AD_Language>
                        <IsActive>Y</IsActive>
                        <IsTranslated>N</IsTranslated>
                    </AD_Element_Trl>
                </AD_Element>
                <AD_Column type="table">
                    <IsSyncDatabase>Y</IsSyncDatabase>
                    <AD_Table_ID reference="uuid" reference-key="AD_Table">20eb1661-bfd2-47d9-a7b5-798846434877</AD_Table_ID>
                    <AD_Reference_Value_ID reference="id"/>
                    <AD_Client_ID>0</AD_Client_ID>
                    <AD_Org_ID>0</AD_Org_ID>
                    <Version>0</Version>
                    <Name>Model Generator</Name>
                    <Description/>
                    <Help/>
                    <AD_Val_Rule_ID reference="id"/>
                    <ColumnName>ING_ModelGenerator_ID</ColumnName>
                    <DefaultValue/>
                    <FieldLength>10</FieldLength>
                    <IsKey>Y</IsKey>
                    <IsParent>N</IsParent>
                    <IsMandatory>Y</IsMandatory>
                    <IsTranslated>N</IsTranslated>
                    <IsIdentifier>N</IsIdentifier>
                    <SeqNo/>
                    <IsEncrypted>N</IsEncrypted>
                    <AD_Reference_ID reference="id">13</AD_Reference_ID>
                    <IsActive>Y</IsActive>
                    <VFormat/>
                    <Callout/>
                    <AD_Element_ID reference="uuid" reference-key="AD_Element">1270534d-0321-4cb9-968c-2f453d1b9168</AD_Element_ID>
                    <IsUpdateable>N</IsUpdateable>
                    <AD_Process_ID reference="id"/>
                    <ValueMin/>
                    <ValueMax/>
                    <IsSelectionColumn>N</IsSelectionColumn>
                    <ReadOnlyLogic/>
                    <EntityType>ING</EntityType>
                    <IsAlwaysUpdateable>N</IsAlwaysUpdateable>
                    <ColumnSQL/>
                    <MandatoryLogic/>
                    <IsAutocomplete>N</IsAutocomplete>
                    <IsAllowLogging>Y</IsAllowLogging>
                    <FormatPattern/>
                    <AD_Chart_ID reference="id"/>
                    <AD_Column_UU>72ec29e0-27b4-421a-8e3e-8f6c7c954b40</AD_Column_UU>
                    <IsAllowCopy>N</IsAllowCopy>
                    <SeqNoSelection/>
                    <IsToolbarButton>N</IsToolbarButton>
                    <IsSecure>N</IsSecure>
                    <FKConstraintName/>
                    <FKConstraintType>N</FKConstraintType>
                    <PA_DashboardContent_ID reference="id"/>
                </AD_Column>
                <AD_Column type="table">
                    <IsSyncDatabase>Y</IsSyncDatabase>
                    <AD_Table_ID reference="uuid" reference-key="AD_Table">20eb1661-bfd2-47d9-a7b5-798846434877</AD_Table_ID>
                    <AD_Reference_Value_ID reference="id"/>
                    <AD_Client_ID>0</AD_Client_ID>
                    <AD_Org_ID>0</AD_Org_ID>
                    <Version>0</Version>
                    <Name>Client</Name>
                    <Description>Client/Tenant for this installation.</Description>
                    <Help>A Client is a company or a legal entity. You cannot share data between Clients. Tenant is a synonym for Client.</Help>
                    <AD_Val_Rule_ID reference="id">129</AD_Val_Rule_ID>
                    <ColumnName>AD_Client_ID</ColumnName>
                    <DefaultValue>@#AD_Client_ID@</DefaultValue>
                    <FieldLength>10</FieldLength>
                    <IsKey>N</IsKey>
                    <IsParent>N</IsParent>
                    <IsMandatory>Y</IsMandatory>
                    <IsTranslated>N</IsTranslated>
                    <IsIdentifier>N</IsIdentifier>
                    <SeqNo/>
                    <IsEncrypted>N</IsEncrypted>
                    <AD_Reference_ID reference="id">19</AD_Reference_ID>
                    <IsActive>Y</IsActive>
                    <VFormat/>
                    <Callout/>
                    <AD_Element_ID reference="id">102</AD_Element_ID>
                    <IsUpdateable>N</IsUpdateable>
                    <AD_Process_ID reference="id"/>
                    <ValueMin/>
                    <ValueMax/>
                    <IsSelectionColumn>N</IsSelectionColumn>
                    <ReadOnlyLogic/>
                    <EntityType>ING</EntityType>
                    <IsAlwaysUpdateable>N</IsAlwaysUpdateable>
                    <ColumnSQL/>
                    <MandatoryLogic/>
                    <IsAutocomplete>N</IsAutocomplete>
                    <IsAllowLogging>Y</IsAllowLogging>
                    <FormatPattern/>
                    <AD_Chart_ID reference="id"/>
                    <AD_Column_UU>35eb8acc-4b53-4614-b879-9ff8fee35694</AD_Column_UU>
                    <IsAllowCopy>N</IsAllowCopy>
                    <SeqNoSelection/>
                    <IsToolbarButton>N</IsToolbarButton>
                    <IsSecure>N</IsSecure>
                    <FKConstraintName/>
                    <FKConstraintType>D</FKConstraintType>
                    <PA_DashboardContent_ID reference="id"/>
                </AD_Column>
                <AD_Column type="table">
                    <IsSyncDatabase>Y</IsSyncDatabase>
                    <AD_Table_ID reference="uuid" reference-key="AD_Table">20eb1661-bfd2-47d9-a7b5-798846434877</AD_Table_ID>
                    <AD_Reference_Value_ID reference="id"/>
                    <AD_Client_ID>0</AD_Client_ID>
                    <AD_Org_ID>0</AD_Org_ID>
                    <Version>0</Version>
                    <Name>Organization</Name>
                    <Description>Organizational entity within client</Description>
                    <Help>An organization is a unit of your client or legal entity - examples are store, department. You can share data between organizations.</Help>
                    <AD_Val_Rule_ID reference="id">104</AD_Val_Rule_ID>
                    <ColumnName>AD_Org_ID</ColumnName>
                    <DefaultValue>@#AD_Org_ID@</DefaultValue>
                    <FieldLength>10</FieldLength>
                    <IsKey>N</IsKey>
                    <IsParent>N</IsParent>
                    <IsMandatory>Y</IsMandatory>
                    <IsTranslated>N</IsTranslated>
                    <IsIdentifier>N</IsIdentifier>
                    <SeqNo/>
                    <IsEncrypted>N</IsEncrypted>
                    <AD_Reference_ID reference="id">19</AD_Reference_ID>
                    <IsActive>Y</IsActive>
                    <VFormat/>
                    <Callout/>
                    <AD_Element_ID reference="id">113</AD_Element_ID>
                    <IsUpdateable>N</IsUpdateable>
                    <AD_Process_ID reference="id"/>
                    <ValueMin/>
                    <ValueMax/>
                    <IsSelectionColumn>N</IsSelectionColumn>
                    <ReadOnlyLogic/>
                    <EntityType>ING</EntityType>
                    <IsAlwaysUpdateable>N</IsAlwaysUpdateable>
                    <ColumnSQL/>
                    <MandatoryLogic/>
                    <IsAutocomplete>N</IsAutocomplete>
                    <IsAllowLogging>Y</IsAllowLogging>
                    <FormatPattern/>
                    <AD_Chart_ID reference="id"/>
                    <AD_Column_UU>292d7647-c990-4cfc-9a97-dc3eafa81aff</AD_Column_UU>
                    <IsAllowCopy>N</IsAllowCopy>
                    <SeqNoSelection/>
                    <IsToolbarButton>N</IsToolbarButton>
                    <IsSecure>N</IsSecure>
                    <FKConstraintName/>
                    <FKConstraintType>D</FKConstraintType>
                    <PA_DashboardContent_ID reference="id"/>
                </AD_Column>
                <AD_Element type="table">
                    <AD_Client_ID>0</AD_Client_ID>
                    <AD_Org_ID>0</AD_Org_ID>
                    <IsActive>Y</IsActive>
                    <ColumnName>ING_ModelGenerator_UU</ColumnName>
                    <Name>ING_ModelGenerator_UU</Name>
                    <Description/>
                    <Help/>
                    <PrintName>ING_ModelGenerator_UU</PrintName>
                    <PO_Description/>
                    <PO_Help/>
                    <PO_Name/>
                    <PO_PrintName/>
                    <EntityType>ING</EntityType>
                    <AD_Element_UU>c5b90886-d289-48de-8b6b-20cf7fd926fd</AD_Element_UU>
                    <AD_Element_Trl type="translation">
                        <Help/>
                        <PO_Description/>
                        <PO_Help/>
                        <Name>ING_ModelGenerator_UU</Name>
                        <Description/>
                        <PrintName>ING_ModelGenerator_UU</PrintName>
                        <PO_Name/>
                        <PO_PrintName/>
                        <AD_Language>es_EC</AD_Language>
                        <IsActive>Y</IsActive>
                        <IsTranslated>N</IsTranslated>
                    </AD_Element_Trl>
                </AD_Element>
                <AD_Column type="table">
                    <IsSyncDatabase>Y</IsSyncDatabase>
                    <AD_Table_ID reference="uuid" reference-key="AD_Table">20eb1661-bfd2-47d9-a7b5-798846434877</AD_Table_ID>
                    <AD_Reference_Value_ID reference="id"/>
                    <AD_Client_ID>0</AD_Client_ID>
                    <AD_Org_ID>0</AD_Org_ID>
                    <Version>1.00</Version>
                    <Name>ING_ModelGenerator_UU</Name>
                    <Description/>
                    <Help/>
                    <AD_Val_Rule_ID reference="id"/>
                    <ColumnName>ING_ModelGenerator_UU</ColumnName>
                    <DefaultValue/>
                    <FieldLength>36</FieldLength>
                    <IsKey>N</IsKey>
                    <IsParent>N</IsParent>
                    <IsMandatory>N</IsMandatory>
                    <IsTranslated>N</IsTranslated>
                    <IsIdentifier>N</IsIdentifier>
                    <SeqNo/>
                    <IsEncrypted>N</IsEncrypted>
                    <AD_Reference_ID reference="id">10</AD_Reference_ID>
                    <IsActive>Y</IsActive>
                    <VFormat/>
                    <Callout/>
                    <AD_Element_ID reference="uuid" reference-key="AD_Element">c5b90886-d289-48de-8b6b-20cf7fd926fd</AD_Element_ID>
                    <IsUpdateable>Y</IsUpdateable>
                    <AD_Process_ID reference="id"/>
                    <ValueMin/>
                    <ValueMax/>
                    <IsSelectionColumn>N</IsSelectionColumn>
                    <ReadOnlyLogic/>
                    <EntityType>ING</EntityType>
                    <IsAlwaysUpdateable>N</IsAlwaysUpdateable>
                    <ColumnSQL/>
                    <MandatoryLogic/>
                    <IsAutocomplete>N</IsAutocomplete>
                    <IsAllowLogging>Y</IsAllowLogging>
                    <FormatPattern/>
                    <AD_Chart_ID reference="id"/>
                    <AD_Column_UU>6e88b6fd-967c-4188-9993-87ec7c52f497</AD_Column_UU>
                    <IsAllowCopy>N</IsAllowCopy>
                    <SeqNoSelection/>
                    <IsToolbarButton>N</IsToolbarButton>
                    <IsSecure>N</IsSecure>
                    <FKConstraintName/>
                    <FKConstraintType>N</FKConstraintType>
                    <PA_DashboardContent_ID reference="id"/>
                </AD_Column>
                <AD_Column type="table">
                    <IsSyncDatabase>Y</IsSyncDatabase>
                    <AD_Table_ID reference="uuid" reference-key="AD_Table">20eb1661-bfd2-47d9-a7b5-798846434877</AD_Table_ID>
                    <AD_Reference_Value_ID reference="id"/>
                    <AD_Client_ID>0</AD_Client_ID>
                    <AD_Org_ID>0</AD_Org_ID>
                    <Version>0</Version>
                    <Name>Created</Name>
                    <Description>Date this record was created</Description>
                    <Help>The Created field indicates the date that this record was created.</Help>
                    <AD_Val_Rule_ID reference="id"/>
                    <ColumnName>Created</ColumnName>
                    <DefaultValue>SYSDATE</DefaultValue>
                    <FieldLength>7</FieldLength>
                    <IsKey>N</IsKey>
                    <IsParent>N</IsParent>
                    <IsMandatory>Y</IsMandatory>
                    <IsTranslated>N</IsTranslated>
                    <IsIdentifier>N</IsIdentifier>
                    <SeqNo/>
                    <IsEncrypted>N</IsEncrypted>
                    <AD_Reference_ID reference="id">16</AD_Reference_ID>
                    <IsActive>Y</IsActive>
                    <VFormat/>
                    <Callout/>
                    <AD_Element_ID reference="id">245</AD_Element_ID>
                    <IsUpdateable>N</IsUpdateable>
                    <AD_Process_ID reference="id"/>
                    <ValueMin/>
                    <ValueMax/>
                    <IsSelectionColumn>N</IsSelectionColumn>
                    <ReadOnlyLogic/>
                    <EntityType>ING</EntityType>
                    <IsAlwaysUpdateable>N</IsAlwaysUpdateable>
                    <ColumnSQL/>
                    <MandatoryLogic/>
                    <IsAutocomplete>N</IsAutocomplete>
                    <IsAllowLogging>Y</IsAllowLogging>
                    <FormatPattern/>
                    <AD_Chart_ID reference="id"/>
                    <AD_Column_UU>6b11f4d7-5282-4626-8381-bc016158d27d</AD_Column_UU>
                    <IsAllowCopy>N</IsAllowCopy>
                    <SeqNoSelection/>
                    <IsToolbarButton>N</IsToolbarButton>
                    <IsSecure>N</IsSecure>
                    <FKConstraintName/>
                    <FKConstraintType>N</FKConstraintType>
                    <PA_DashboardContent_ID reference="id"/>
                </AD_Column>
                <AD_Column type="table">
                    <IsSyncDatabase>Y</IsSyncDatabase>
                    <AD_Table_ID reference="uuid" reference-key="AD_Table">20eb1661-bfd2-47d9-a7b5-798846434877</AD_Table_ID>
                    <AD_Reference_Value_ID reference="id">110</AD_Reference_Value_ID>
                    <AD_Client_ID>0</AD_Client_ID>
                    <AD_Org_ID>0</AD_Org_ID>
                    <Version>0</Version>
                    <Name>Created By</Name>
                    <Description>User who created this records</Description>
                    <Help>The Created By field indicates the user who created this record.</Help>
                    <AD_Val_Rule_ID reference="id"/>
                    <ColumnName>CreatedBy</ColumnName>
                    <DefaultValue/>
                    <FieldLength>10</FieldLength>
                    <IsKey>N</IsKey>
                    <IsParent>N</IsParent>
                    <IsMandatory>Y</IsMandatory>
                    <IsTranslated>N</IsTranslated>
                    <IsIdentifier>N</IsIdentifier>
                    <SeqNo/>
                    <IsEncrypted>N</IsEncrypted>
                    <AD_Reference_ID reference="id">18</AD_Reference_ID>
                    <IsActive>Y</IsActive>
                    <VFormat/>
                    <Callout/>
                    <AD_Element_ID reference="id">246</AD_Element_ID>
                    <IsUpdateable>N</IsUpdateable>
                    <AD_Process_ID reference="id"/>
                    <ValueMin/>
                    <ValueMax/>
                    <IsSelectionColumn>N</IsSelectionColumn>
                    <ReadOnlyLogic/>
                    <EntityType>ING</EntityType>
                    <IsAlwaysUpdateable>N</IsAlwaysUpdateable>
                    <ColumnSQL/>
                    <MandatoryLogic/>
                    <IsAutocomplete>N</IsAutocomplete>
                    <IsAllowLogging>Y</IsAllowLogging>
                    <FormatPattern/>
                    <AD_Chart_ID reference="id"/>
                    <AD_Column_UU>8955113a-9d01-4a9f-bbf3-1cd2bd5c4ed5</AD_Column_UU>
                    <IsAllowCopy>N</IsAllowCopy>
                    <SeqNoSelection/>
                    <IsToolbarButton>N</IsToolbarButton>
                    <IsSecure>N</IsSecure>
                    <FKConstraintName/>
                    <FKConstraintType>D</FKConstraintType>
                    <PA_DashboardContent_ID reference="id"/>
                </AD_Column>
                <AD_Column type="table">
                    <IsSyncDatabase>Y</IsSyncDatabase>
                    <AD_Table_ID reference="uuid" reference-key="AD_Table">20eb1661-bfd2-47d9-a7b5-798846434877</AD_Table_ID>
                    <AD_Reference_Value_ID reference="id"/>
                    <AD_Client_ID>0</AD_Client_ID>
                    <AD_Org_ID>0</AD_Org_ID>
                    <Version>0</Version>
                    <Name>Comment/Help</Name>
                    <Description>Comment or Hint</Description>
                    <Help>The Help field contains a hint, comment or help about the use of this item.</Help>
                    <AD_Val_Rule_ID reference="id"/>
                    <ColumnName>Help</ColumnName>
                    <DefaultValue/>
                    <FieldLength>2000</FieldLength>
                    <IsKey>N</IsKey>
                    <IsParent>N</IsParent>
                    <IsMandatory>N</IsMandatory>
                    <IsTranslated>N</IsTranslated>
                    <IsIdentifier>N</IsIdentifier>
                    <SeqNo/>
                    <IsEncrypted>N</IsEncrypted>
                    <AD_Reference_ID reference="id">14</AD_Reference_ID>
                    <IsActive>Y</IsActive>
                    <VFormat/>
                    <Callout/>
                    <AD_Element_ID reference="id">326</AD_Element_ID>
                    <IsUpdateable>Y</IsUpdateable>
                    <AD_Process_ID reference="id"/>
                    <ValueMin/>
                    <ValueMax/>
                    <IsSelectionColumn>N</IsSelectionColumn>
                    <ReadOnlyLogic/>
                    <EntityType>ING</EntityType>
                    <IsAlwaysUpdateable>N</IsAlwaysUpdateable>
                    <ColumnSQL/>
                    <MandatoryLogic/>
                    <IsAutocomplete>N</IsAutocomplete>
                    <IsAllowLogging>Y</IsAllowLogging>
                    <FormatPattern/>
                    <AD_Chart_ID reference="id"/>
                    <AD_Column_UU>d586451b-e195-43c6-b733-8df5384ed8eb</AD_Column_UU>
                    <IsAllowCopy>Y</IsAllowCopy>
                    <SeqNoSelection/>
                    <IsToolbarButton>N</IsToolbarButton>
                    <IsSecure>N</IsSecure>
                    <FKConstraintName/>
                    <FKConstraintType>N</FKConstraintType>
                    <PA_DashboardContent_ID reference="id"/>
                </AD_Column>
                <AD_Column type="table">
                    <IsSyncDatabase>Y</IsSyncDatabase>
                    <AD_Table_ID reference="uuid" reference-key="AD_Table">20eb1661-bfd2-47d9-a7b5-798846434877</AD_Table_ID>
                    <AD_Reference_Value_ID reference="id"/>
                    <AD_Client_ID>0</AD_Client_ID>
                    <AD_Org_ID>0</AD_Org_ID>
                    <Version>0</Version>
                    <Name>Active</Name>
                    <Description>The record is active in the system</Description>
                    <Help>There are two methods of making records unavailable in the system: One is to delete the record, the other is to de-activate the record. A de-activated record is not available for selection, but available for reports.
There are two reasons for de-activating and not deleting records:
(1) The system requires the record for audit purposes.
(2) The record is referenced by other records. E.g., you cannot delete a Business Partner, if there are invoices for this partner record existing. You de-activate the Business Partner and prevent that this record is used for future entries.</Help>
                    <AD_Val_Rule_ID reference="id"/>
                    <ColumnName>IsActive</ColumnName>
                    <DefaultValue>Y</DefaultValue>
                    <FieldLength>1</FieldLength>
                    <IsKey>N</IsKey>
                    <IsParent>N</IsParent>
                    <IsMandatory>Y</IsMandatory>
                    <IsTranslated>N</IsTranslated>
                    <IsIdentifier>N</IsIdentifier>
                    <SeqNo/>
                    <IsEncrypted>N</IsEncrypted>
                    <AD_Reference_ID reference="id">20</AD_Reference_ID>
                    <IsActive>Y</IsActive>
                    <VFormat/>
                    <Callout/>
                    <AD_Element_ID reference="id">348</AD_Element_ID>
                    <IsUpdateable>Y</IsUpdateable>
                    <AD_Process_ID reference="id"/>
                    <ValueMin/>
                    <ValueMax/>
                    <IsSelectionColumn>N</IsSelectionColumn>
                    <ReadOnlyLogic/>
                    <EntityType>ING</EntityType>
                    <IsAlwaysUpdateable>N</IsAlwaysUpdateable>
                    <ColumnSQL/>
                    <MandatoryLogic/>
                    <IsAutocomplete>N</IsAutocomplete>
                    <IsAllowLogging>Y</IsAllowLogging>
                    <FormatPattern/>
                    <AD_Chart_ID reference="id"/>
                    <AD_Column_UU>bc813a28-f6aa-4899-be84-8ea758bb6b86</AD_Column_UU>
                    <IsAllowCopy>N</IsAllowCopy>
                    <SeqNoSelection/>
                    <IsToolbarButton>N</IsToolbarButton>
                    <IsSecure>N</IsSecure>
                    <FKConstraintName/>
                    <FKConstraintType>N</FKConstraintType>
                    <PA_DashboardContent_ID reference="id"/>
                </AD_Column>
                <AD_Column type="table">
                    <IsSyncDatabase>Y</IsSyncDatabase>
                    <AD_Table_ID reference="uuid" reference-key="AD_Table">20eb1661-bfd2-47d9-a7b5-798846434877</AD_Table_ID>
                    <AD_Reference_Value_ID reference="id"/>
                    <AD_Client_ID>0</AD_Client_ID>
                    <AD_Org_ID>0</AD_Org_ID>
                    <Version>0</Version>
                    <Name>Updated</Name>
                    <Description>Date this record was updated</Description>
                    <Help>The Updated field indicates the date that this record was updated.</Help>
                    <AD_Val_Rule_ID reference="id"/>
                    <ColumnName>Updated</ColumnName>
                    <DefaultValue>SYSDATE</DefaultValue>
                    <FieldLength>7</FieldLength>
                    <IsKey>N</IsKey>
                    <IsParent>N</IsParent>
                    <IsMandatory>Y</IsMandatory>
                    <IsTranslated>N</IsTranslated>
                    <IsIdentifier>N</IsIdentifier>
                    <SeqNo/>
                    <IsEncrypted>N</IsEncrypted>
                    <AD_Reference_ID reference="id">16</AD_Reference_ID>
                    <IsActive>Y</IsActive>
                    <VFormat/>
                    <Callout/>
                    <AD_Element_ID reference="id">607</AD_Element_ID>
                    <IsUpdateable>N</IsUpdateable>
                    <AD_Process_ID reference="id"/>
                    <ValueMin/>
                    <ValueMax/>
                    <IsSelectionColumn>N</IsSelectionColumn>
                    <ReadOnlyLogic/>
                    <EntityType>ING</EntityType>
                    <IsAlwaysUpdateable>N</IsAlwaysUpdateable>
                    <ColumnSQL/>
                    <MandatoryLogic/>
                    <IsAutocomplete>N</IsAutocomplete>
                    <IsAllowLogging>Y</IsAllowLogging>
                    <FormatPattern/>
                    <AD_Chart_ID reference="id"/>
                    <AD_Column_UU>05826a55-fb9f-4051-9358-edd45b302bc9</AD_Column_UU>
                    <IsAllowCopy>N</IsAllowCopy>
                    <SeqNoSelection/>
                    <IsToolbarButton>N</IsToolbarButton>
                    <IsSecure>N</IsSecure>
                    <FKConstraintName/>
                    <FKConstraintType>N</FKConstraintType>
                    <PA_DashboardContent_ID reference="id"/>
                </AD_Column>
                <AD_Column type="table">
                    <IsSyncDatabase>Y</IsSyncDatabase>
                    <AD_Table_ID reference="uuid" reference-key="AD_Table">20eb1661-bfd2-47d9-a7b5-798846434877</AD_Table_ID>
                    <AD_Reference_Value_ID reference="id">110</AD_Reference_Value_ID>
                    <AD_Client_ID>0</AD_Client_ID>
                    <AD_Org_ID>0</AD_Org_ID>
                    <Version>0</Version>
                    <Name>Updated By</Name>
                    <Description>User who updated this records</Description>
                    <Help>The Updated By field indicates the user who updated this record.</Help>
                    <AD_Val_Rule_ID reference="id"/>
                    <ColumnName>UpdatedBy</ColumnName>
                    <DefaultValue/>
                    <FieldLength>10</FieldLength>
                    <IsKey>N</IsKey>
                    <IsParent>N</IsParent>
                    <IsMandatory>Y</IsMandatory>
                    <IsTranslated>N</IsTranslated>
                    <IsIdentifier>N</IsIdentifier>
                    <SeqNo/>
                    <IsEncrypted>N</IsEncrypted>
                    <AD_Reference_ID reference="id">18</AD_Reference_ID>
                    <IsActive>Y</IsActive>
                    <VFormat/>
                    <Callout/>
                    <AD_Element_ID reference="id">608</AD_Element_ID>
                    <IsUpdateable>N</IsUpdateable>
                    <AD_Process_ID reference="id"/>
                    <ValueMin/>
                    <ValueMax/>
                    <IsSelectionColumn>N</IsSelectionColumn>
                    <ReadOnlyLogic/>
                    <EntityType>ING</EntityType>
                    <IsAlwaysUpdateable>N</IsAlwaysUpdateable>
                    <ColumnSQL/>
                    <MandatoryLogic/>
                    <IsAutocomplete>N</IsAutocomplete>
                    <IsAllowLogging>Y</IsAllowLogging>
                    <FormatPattern/>
                    <AD_Chart_ID reference="id"/>
                    <AD_Column_UU>d53d800d-ffc3-444f-8fef-fc4659a226b8</AD_Column_UU>
                    <IsAllowCopy>N</IsAllowCopy>
                    <SeqNoSelection/>
                    <IsToolbarButton>N</IsToolbarButton>
                    <IsSecure>N</IsSecure>
                    <FKConstraintName/>
                    <FKConstraintType>D</FKConstraintType>
                    <PA_DashboardContent_ID reference="id"/>
                </AD_Column>
                <AD_Column type="table">
                    <IsSyncDatabase>Y</IsSyncDatabase>
                    <AD_Table_ID reference="uuid" reference-key="AD_Table">20eb1661-bfd2-47d9-a7b5-798846434877</AD_Table_ID>
                    <AD_Reference_Value_ID reference="id">389</AD_Reference_Value_ID>
                    <AD_Client_ID>0</AD_Client_ID>
                    <AD_Org_ID>0</AD_Org_ID>
                    <Version>0</Version>
                    <Name>Entity Type</Name>
                    <Description>Dictionary Entity Type; Determines ownership and synchronization</Description>
                    <Help>The Entity Types "Dictionary", "iDempiere" and "Application" might be automatically synchronized and customizations deleted or overwritten.  

For customizations, copy the entity and select "User"!</Help>
                    <AD_Val_Rule_ID reference="id"/>
                    <ColumnName>EntityType</ColumnName>
                    <DefaultValue>@SQL=select get_sysconfig('DEFAULT_ENTITYTYPE','U',0,0) from dual</DefaultValue>
                    <FieldLength>40</FieldLength>
                    <IsKey>N</IsKey>
                    <IsParent>N</IsParent>
                    <IsMandatory>N</IsMandatory>
                    <IsTranslated>N</IsTranslated>
                    <IsIdentifier>N</IsIdentifier>
                    <SeqNo>0</SeqNo>
                    <IsEncrypted>N</IsEncrypted>
                    <AD_Reference_ID reference="id">18</AD_Reference_ID>
                    <IsActive>Y</IsActive>
                    <VFormat/>
                    <Callout/>
                    <AD_Element_ID reference="id">1682</AD_Element_ID>
                    <IsUpdateable>Y</IsUpdateable>
                    <AD_Process_ID reference="id"/>
                    <ValueMin/>
                    <ValueMax/>
                    <IsSelectionColumn>N</IsSelectionColumn>
                    <ReadOnlyLogic>@EntityType@=D</ReadOnlyLogic>
                    <EntityType>ING</EntityType>
                    <IsAlwaysUpdateable>N</IsAlwaysUpdateable>
                    <ColumnSQL/>
                    <MandatoryLogic/>
                    <IsAutocomplete>N</IsAutocomplete>
                    <IsAllowLogging>Y</IsAllowLogging>
                    <FormatPattern/>
                    <AD_Chart_ID reference="id"/>
                    <AD_Column_UU>a4a5a42a-fd21-4314-8148-2832fc561135</AD_Column_UU>
                    <IsAllowCopy>Y</IsAllowCopy>
                    <SeqNoSelection>0</SeqNoSelection>
                    <IsToolbarButton>N</IsToolbarButton>
                    <IsSecure>N</IsSecure>
                    <FKConstraintName>EntityType_INGModelGenerator</FKConstraintName>
                    <FKConstraintType>N</FKConstraintType>
                    <PA_DashboardContent_ID reference="id"/>
                </AD_Column>
                <AD_Column type="table">
                    <IsSyncDatabase>Y</IsSyncDatabase>
                    <AD_Table_ID reference="uuid" reference-key="AD_Table">20eb1661-bfd2-47d9-a7b5-798846434877</AD_Table_ID>
                    <AD_Reference_Value_ID reference="id"/>
                    <AD_Client_ID>0</AD_Client_ID>
                    <AD_Org_ID>0</AD_Org_ID>
                    <Version>0</Version>
                    <Name>Folder</Name>
                    <Description>A folder on a local or remote system to store data into</Description>
                    <Help>We store files in folders, especially media files.</Help>
                    <AD_Val_Rule_ID reference="id"/>
                    <ColumnName>Folder</ColumnName>
                    <DefaultValue/>
                    <FieldLength>1000</FieldLength>
                    <IsKey>N</IsKey>
                    <IsParent>N</IsParent>
                    <IsMandatory>N</IsMandatory>
                    <IsTranslated>N</IsTranslated>
                    <IsIdentifier>N</IsIdentifier>
                    <SeqNo>0</SeqNo>
                    <IsEncrypted>N</IsEncrypted>
                    <AD_Reference_ID reference="id">10</AD_Reference_ID>
                    <IsActive>Y</IsActive>
                    <VFormat/>
                    <Callout/>
                    <AD_Element_ID reference="id">3012</AD_Element_ID>
                    <IsUpdateable>Y</IsUpdateable>
                    <AD_Process_ID reference="id"/>
                    <ValueMin/>
                    <ValueMax/>
                    <IsSelectionColumn>N</IsSelectionColumn>
                    <ReadOnlyLogic/>
                    <EntityType>ING</EntityType>
                    <IsAlwaysUpdateable>N</IsAlwaysUpdateable>
                    <ColumnSQL/>
                    <MandatoryLogic/>
                    <IsAutocomplete>N</IsAutocomplete>
                    <IsAllowLogging>Y</IsAllowLogging>
                    <FormatPattern/>
                    <AD_Chart_ID reference="id"/>
                    <AD_Column_UU>71c0a4a7-a5ee-40fc-bab3-58f55cabfd32</AD_Column_UU>
                    <IsAllowCopy>Y</IsAllowCopy>
                    <SeqNoSelection>0</SeqNoSelection>
                    <IsToolbarButton>N</IsToolbarButton>
                    <IsSecure>N</IsSecure>
                    <FKConstraintName/>
                    <FKConstraintType/>
                    <PA_DashboardContent_ID reference="id"/>
                </AD_Column>
                <AD_Element type="table">
                    <AD_Client_ID>0</AD_Client_ID>
                    <AD_Org_ID>0</AD_Org_ID>
                    <IsActive>Y</IsActive>
                    <ColumnName>PackageName</ColumnName>
                    <Name>Package Name</Name>
                    <Description/>
                    <Help/>
                    <PrintName>Package Name</PrintName>
                    <PO_Description/>
                    <PO_Help/>
                    <PO_Name/>
                    <PO_PrintName/>
                    <EntityType>ING</EntityType>
                    <AD_Element_UU>5f17eb84-37d0-4464-bea2-dbaadf3f5454</AD_Element_UU>
                    <AD_Element_Trl type="translation">
                        <Help/>
                        <PO_Description/>
                        <PO_Help/>
                        <Name>Nombre del paquete</Name>
                        <Description/>
                        <PrintName>Nombre del paquete</PrintName>
                        <PO_Name/>
                        <PO_PrintName/>
                        <AD_Language>es_EC</AD_Language>
                        <IsActive>Y</IsActive>
                        <IsTranslated>N</IsTranslated>
                    </AD_Element_Trl>
                </AD_Element>
                <AD_Column type="table">
                    <IsSyncDatabase>Y</IsSyncDatabase>
                    <AD_Table_ID reference="uuid" reference-key="AD_Table">20eb1661-bfd2-47d9-a7b5-798846434877</AD_Table_ID>
                    <AD_Reference_Value_ID reference="id"/>
                    <AD_Client_ID>0</AD_Client_ID>
                    <AD_Org_ID>0</AD_Org_ID>
                    <Version>0</Version>
                    <Name>Package Name</Name>
                    <Description/>
                    <Help/>
                    <AD_Val_Rule_ID reference="id"/>
                    <ColumnName>PackageName</ColumnName>
                    <DefaultValue/>
                    <FieldLength>50</FieldLength>
                    <IsKey>N</IsKey>
                    <IsParent>N</IsParent>
                    <IsMandatory>N</IsMandatory>
                    <IsTranslated>N</IsTranslated>
                    <IsIdentifier>N</IsIdentifier>
                    <SeqNo>0</SeqNo>
                    <IsEncrypted>N</IsEncrypted>
                    <AD_Reference_ID reference="id">10</AD_Reference_ID>
                    <IsActive>Y</IsActive>
                    <VFormat/>
                    <Callout/>
                    <AD_Element_ID reference="uuid" reference-key="AD_Element">5f17eb84-37d0-4464-bea2-dbaadf3f5454</AD_Element_ID>
                    <IsUpdateable>Y</IsUpdateable>
                    <AD_Process_ID reference="id"/>
                    <ValueMin/>
                    <ValueMax/>
                    <IsSelectionColumn>Y</IsSelectionColumn>
                    <ReadOnlyLogic/>
                    <EntityType>ING</EntityType>
                    <IsAlwaysUpdateable>N</IsAlwaysUpdateable>
                    <ColumnSQL/>
                    <MandatoryLogic/>
                    <IsAutocomplete>N</IsAutocomplete>
                    <IsAllowLogging>Y</IsAllowLogging>
                    <FormatPattern/>
                    <AD_Chart_ID reference="id"/>
                    <AD_Column_UU>5743a731-fe90-4e31-a9a2-a14e05fb4948</AD_Column_UU>
                    <IsAllowCopy>Y</IsAllowCopy>
                    <SeqNoSelection>0</SeqNoSelection>
                    <IsToolbarButton>N</IsToolbarButton>
                    <IsSecure>N</IsSecure>
                    <FKConstraintName/>
                    <FKConstraintType>N</FKConstraintType>
                    <PA_DashboardContent_ID reference="id"/>
                </AD_Column>
                <AD_Column type="table">
                    <IsSyncDatabase>Y</IsSyncDatabase>
                    <AD_Table_ID reference="uuid" reference-key="AD_Table">20eb1661-bfd2-47d9-a7b5-798846434877</AD_Table_ID>
                    <AD_Reference_Value_ID reference="id"/>
                    <AD_Client_ID>0</AD_Client_ID>
                    <AD_Org_ID>0</AD_Org_ID>
                    <Version>0</Version>
                    <Name>DB Table Name</Name>
                    <Description>Name of the table in the database</Description>
                    <Help>The DB Table Name indicates the name of the table in database.</Help>
                    <AD_Val_Rule_ID reference="id"/>
                    <ColumnName>TableName</ColumnName>
                    <DefaultValue/>
                    <FieldLength>40</FieldLength>
                    <IsKey>N</IsKey>
                    <IsParent>N</IsParent>
                    <IsMandatory>N</IsMandatory>
                    <IsTranslated>N</IsTranslated>
                    <IsIdentifier>Y</IsIdentifier>
                    <SeqNo>0</SeqNo>
                    <IsEncrypted>N</IsEncrypted>
                    <AD_Reference_ID reference="id">10</AD_Reference_ID>
                    <IsActive>Y</IsActive>
                    <VFormat/>
                    <Callout/>
                    <AD_Element_ID reference="id">587</AD_Element_ID>
                    <IsUpdateable>Y</IsUpdateable>
                    <AD_Process_ID reference="id"/>
                    <ValueMin/>
                    <ValueMax/>
                    <IsSelectionColumn>Y</IsSelectionColumn>
                    <ReadOnlyLogic/>
                    <EntityType>ING</EntityType>
                    <IsAlwaysUpdateable>N</IsAlwaysUpdateable>
                    <ColumnSQL/>
                    <MandatoryLogic/>
                    <IsAutocomplete>N</IsAutocomplete>
                    <IsAllowLogging>Y</IsAllowLogging>
                    <FormatPattern/>
                    <AD_Chart_ID reference="id"/>
                    <AD_Column_UU>136f15c8-bc43-466a-a21a-8dc013bb7595</AD_Column_UU>
                    <IsAllowCopy>Y</IsAllowCopy>
                    <SeqNoSelection>0</SeqNoSelection>
                    <IsToolbarButton>N</IsToolbarButton>
                    <IsSecure>N</IsSecure>
                    <FKConstraintName/>
                    <FKConstraintType>N</FKConstraintType>
                    <PA_DashboardContent_ID reference="id"/>
                </AD_Column>
                <AD_Element type="table">
                    <AD_Client_ID>0</AD_Client_ID>
                    <AD_Org_ID>0</AD_Org_ID>
                    <IsActive>Y</IsActive>
                    <ColumnName>ING_Table_ID</ColumnName>
                    <Name>ING_Table_ID</Name>
                    <Description/>
                    <Help/>
                    <PrintName>ING_Table_ID</PrintName>
                    <PO_Description/>
                    <PO_Help/>
                    <PO_Name/>
                    <PO_PrintName/>
                    <EntityType>ING</EntityType>
                    <AD_Element_UU>b885e8a3-d382-4521-a328-4cea84ea603c</AD_Element_UU>
                    <AD_Element_Trl type="translation">
                        <Help/>
                        <PO_Description/>
                        <PO_Help/>
                        <Name>ING_Table_ID</Name>
                        <Description/>
                        <PrintName>ING_Table_ID</PrintName>
                        <PO_Name/>
                        <PO_PrintName/>
                        <AD_Language>es_EC</AD_Language>
                        <IsActive>Y</IsActive>
                        <IsTranslated>N</IsTranslated>
                    </AD_Element_Trl>
                </AD_Element>
                <AD_Reference type="table">
                    <AD_Client_ID>0</AD_Client_ID>
                    <AD_Org_ID>0</AD_Org_ID>
                    <Name>ING_Table_ID</Name>
                    <Description/>
                    <Help/>
                    <ValidationType>T</ValidationType>
                    <IsActive>Y</IsActive>
                    <VFormat/>
                    <EntityType>ING</EntityType>
                    <IsOrderByValue>N</IsOrderByValue>
                    <AD_Reference_UU>d71e2130-a3f6-4076-9990-9d15b11d6f15</AD_Reference_UU>
                    <AD_Reference_Trl type="translation">
                        <Help/>
                        <Name>ING_Table_ID</Name>
                        <Description/>
                        <AD_Language>es_EC</AD_Language>
                        <IsActive>Y</IsActive>
                        <IsTranslated>N</IsTranslated>
                    </AD_Reference_Trl>
                    <AD_Ref_Table type="table">
                        <AD_Client_ID>0</AD_Client_ID>
                        <AD_Org_ID>0</AD_Org_ID>
                        <AD_Reference_ID reference="uuid" reference-key="AD_Reference">d71e2130-a3f6-4076-9990-9d15b11d6f15</AD_Reference_ID>
                        <AD_Table_ID reference="id">100</AD_Table_ID>
                        <WhereClause/>
                        <OrderByClause/>
                        <IsActive>Y</IsActive>
                        <IsValueDisplayed>N</IsValueDisplayed>
                        <EntityType>ING</EntityType>
                        <AD_Window_ID reference="id"/>
                        <AD_Ref_Table_UU>897bef97-eb95-43a3-bb04-a9bc9963764d</AD_Ref_Table_UU>
                        <AD_InfoWindow_ID reference="id"/>
                        <AD_Display reference="id">107</AD_Display>
                        <AD_Key reference="id">100</AD_Key>
                    </AD_Ref_Table>
                </AD_Reference>
                <AD_Column type="table">
                    <IsSyncDatabase>Y</IsSyncDatabase>
                    <AD_Table_ID reference="uuid" reference-key="AD_Table">20eb1661-bfd2-47d9-a7b5-798846434877</AD_Table_ID>
                    <AD_Reference_Value_ID reference="uuid" reference-key="AD_Reference">d71e2130-a3f6-4076-9990-9d15b11d6f15</AD_Reference_Value_ID>
                    <AD_Client_ID>0</AD_Client_ID>
                    <AD_Org_ID>0</AD_Org_ID>
                    <Version>0</Version>
                    <Name>ING_Table_ID</Name>
                    <Description/>
                    <Help/>
                    <AD_Val_Rule_ID reference="id"/>
                    <ColumnName>ING_Table_ID</ColumnName>
                    <DefaultValue/>
                    <FieldLength>10</FieldLength>
                    <IsKey>N</IsKey>
                    <IsParent>N</IsParent>
                    <IsMandatory>N</IsMandatory>
                    <IsTranslated>N</IsTranslated>
                    <IsIdentifier>N</IsIdentifier>
                    <SeqNo>0</SeqNo>
                    <IsEncrypted>N</IsEncrypted>
                    <AD_Reference_ID reference="id">30</AD_Reference_ID>
                    <IsActive>Y</IsActive>
                    <VFormat/>
                    <Callout/>
                    <AD_Element_ID reference="uuid" reference-key="AD_Element">b885e8a3-d382-4521-a328-4cea84ea603c</AD_Element_ID>
                    <IsUpdateable>Y</IsUpdateable>
                    <AD_Process_ID reference="id"/>
                    <ValueMin/>
                    <ValueMax/>
                    <IsSelectionColumn>N</IsSelectionColumn>
                    <ReadOnlyLogic/>
                    <EntityType>ING</EntityType>
                    <IsAlwaysUpdateable>N</IsAlwaysUpdateable>
                    <ColumnSQL/>
                    <MandatoryLogic/>
                    <IsAutocomplete>N</IsAutocomplete>
                    <IsAllowLogging>Y</IsAllowLogging>
                    <FormatPattern/>
                    <AD_Chart_ID reference="id"/>
                    <AD_Column_UU>0295c4ed-bbfe-42b0-a0dc-33df7c2628e9</AD_Column_UU>
                    <IsAllowCopy>Y</IsAllowCopy>
                    <SeqNoSelection>0</SeqNoSelection>
                    <IsToolbarButton>N</IsToolbarButton>
                    <IsSecure>N</IsSecure>
                    <FKConstraintName>ADTable_INGModelGeneratorTable</FKConstraintName>
                    <FKConstraintType>N</FKConstraintType>
                    <PA_DashboardContent_ID reference="id"/>
                </AD_Column>
                <AD_Element type="table">
                    <AD_Client_ID>0</AD_Client_ID>
                    <AD_Org_ID>0</AD_Org_ID>
                    <IsActive>Y</IsActive>
                    <ColumnName>ModelGeneratorProcess</ColumnName>
                    <Name>ModelGeneratorProcess</Name>
                    <Description/>
                    <Help/>
                    <PrintName>ModelGeneratorProcess</PrintName>
                    <PO_Description/>
                    <PO_Help/>
                    <PO_Name/>
                    <PO_PrintName/>
                    <EntityType>ING</EntityType>
                    <AD_Element_UU>ff988efe-8624-431a-877b-06ed21784840</AD_Element_UU>
                    <AD_Element_Trl type="translation">
                        <Help/>
                        <PO_Description/>
                        <PO_Help/>
                        <Name>Generar Modelo</Name>
                        <Description/>
                        <PrintName>Generar Modelo</PrintName>
                        <PO_Name/>
                        <PO_PrintName/>
                        <AD_Language>es_EC</AD_Language>
                        <IsActive>Y</IsActive>
                        <IsTranslated>N</IsTranslated>
                    </AD_Element_Trl>
                </AD_Element>
                <AD_Process type="table">
                    <AD_Client_ID>0</AD_Client_ID>
                    <AD_Org_ID>0</AD_Org_ID>
                    <IsActive>Y</IsActive>
                    <Name>Model Generator</Name>
                    <Description/>
                    <Help/>
                    <ProcedureName/>
                    <IsReport>N</IsReport>
                    <Value>Model Generator</Value>
                    <IsDirectPrint>N</IsDirectPrint>
                    <AD_ReportView_ID reference="id"/>
                    <Classname>com.ingeint.process.ModelGenerator</Classname>
                    <AccessLevel>4</AccessLevel>
                    <EntityType>ING</EntityType>
                    <Statistic_Count>31</Statistic_Count>
                    <Statistic_Seconds>832</Statistic_Seconds>
                    <AD_PrintFormat_ID reference="id"/>
                    <WorkflowValue/>
                    <AD_Workflow_ID reference="id"/>
                    <IsBetaFunctionality>N</IsBetaFunctionality>
                    <IsServerProcess>N</IsServerProcess>
                    <ShowHelp>S</ShowHelp>
                    <JasperReport/>
                    <AD_Form_ID reference="id"/>
                    <CopyFromProcess>N</CopyFromProcess>
                    <AD_Process_UU>b6ae82cb-8ccc-4ad9-952a-b5cadb23f0a2</AD_Process_UU>
                    <AD_CtxHelp_ID reference="id"/>
                    <AD_Process_Trl type="translation">
                        <Help/>
                        <Description/>
                        <Name>Model Generator</Name>
                        <AD_Language>es_EC</AD_Language>
                        <IsActive>Y</IsActive>
                        <IsTranslated>N</IsTranslated>
                    </AD_Process_Trl>
                </AD_Process>
                <AD_Column type="table">
                    <IsSyncDatabase>Y</IsSyncDatabase>
                    <AD_Table_ID reference="uuid" reference-key="AD_Table">20eb1661-bfd2-47d9-a7b5-798846434877</AD_Table_ID>
                    <AD_Reference_Value_ID reference="id"/>
                    <AD_Client_ID>0</AD_Client_ID>
                    <AD_Org_ID>0</AD_Org_ID>
                    <Version>0</Version>
                    <Name>ModelGeneratorProcess</Name>
                    <Description/>
                    <Help/>
                    <AD_Val_Rule_ID reference="id"/>
                    <ColumnName>ModelGeneratorProcess</ColumnName>
                    <DefaultValue/>
                    <FieldLength>1</FieldLength>
                    <IsKey>N</IsKey>
                    <IsParent>N</IsParent>
                    <IsMandatory>N</IsMandatory>
                    <IsTranslated>N</IsTranslated>
                    <IsIdentifier>N</IsIdentifier>
                    <SeqNo>0</SeqNo>
                    <IsEncrypted>N</IsEncrypted>
                    <AD_Reference_ID reference="id">28</AD_Reference_ID>
                    <IsActive>Y</IsActive>
                    <VFormat/>
                    <Callout/>
                    <AD_Element_ID reference="uuid" reference-key="AD_Element">ff988efe-8624-431a-877b-06ed21784840</AD_Element_ID>
                    <IsUpdateable>Y</IsUpdateable>
                    <AD_Process_ID reference="uuid" reference-key="AD_Process">b6ae82cb-8ccc-4ad9-952a-b5cadb23f0a2</AD_Process_ID>
                    <ValueMin/>
                    <ValueMax/>
                    <IsSelectionColumn>N</IsSelectionColumn>
                    <ReadOnlyLogic/>
                    <EntityType>ING</EntityType>
                    <IsAlwaysUpdateable>N</IsAlwaysUpdateable>
                    <ColumnSQL/>
                    <MandatoryLogic/>
                    <IsAutocomplete>N</IsAutocomplete>
                    <IsAllowLogging>Y</IsAllowLogging>
                    <FormatPattern/>
                    <AD_Chart_ID reference="id"/>
                    <AD_Column_UU>b6c1303a-fb3b-42ca-8c0d-4df48883219d</AD_Column_UU>
                    <IsAllowCopy>Y</IsAllowCopy>
                    <SeqNoSelection>0</SeqNoSelection>
                    <IsToolbarButton>B</IsToolbarButton>
                    <IsSecure>N</IsSecure>
                    <FKConstraintName/>
                    <FKConstraintType>N</FKConstraintType>
                    <PA_DashboardContent_ID reference="id"/>
                </AD_Column>
            </AD_Table>
            <AD_Tab type="table">
                <AD_Client_ID>0</AD_Client_ID>
                <AD_Org_ID>0</AD_Org_ID>
                <Name>Model Generator</Name>
                <Description/>
                <Help/>
                <AD_Window_ID reference="uuid" reference-key="AD_Window">0c1f3826-711f-49b9-85ee-c4afba7d6abf</AD_Window_ID>
                <SeqNo>10</SeqNo>
                <IsSingleRow>Y</IsSingleRow>
                <AD_Table_ID reference="uuid" reference-key="AD_Table">20eb1661-bfd2-47d9-a7b5-798846434877</AD_Table_ID>
                <IsActive>Y</IsActive>
                <HasTree>N</HasTree>
                <IsInfoTab>N</IsInfoTab>
                <IsTranslationTab>N</IsTranslationTab>
                <IsReadOnly>N</IsReadOnly>
                <AD_Column_ID reference="id"/>
                <WhereClause/>
                <OrderByClause/>
                <CommitWarning/>
                <AD_Process_ID reference="id"/>
                <Processing>N</Processing>
                <AD_Image_ID reference="id"/>
                <ImportFields>N</ImportFields>
                <TabLevel>0</TabLevel>
                <IsSortTab>N</IsSortTab>
                <AD_ColumnSortYesNo_ID reference="id"/>
                <AD_ColumnSortOrder_ID reference="id"/>
                <EntityType>ING</EntityType>
                <Included_Tab_ID reference="id"/>
                <ReadOnlyLogic/>
                <DisplayLogic/>
                <IsInsertRecord>Y</IsInsertRecord>
                <IsAdvancedTab>N</IsAdvancedTab>
                <Parent_Column_ID reference="id"/>
                <AD_Tab_UU>44713a76-e79a-4b45-85e3-def6e70b4fd5</AD_Tab_UU>
                <AD_CtxHelp_ID reference="id"/>
                <TreeDisplayedOn>B</TreeDisplayedOn>
                <AD_Tab_Trl type="translation">
                    <Help/>
                    <CommitWarning/>
                    <Name>Model Generator</Name>
                    <Description/>
                    <AD_Language>es_EC</AD_Language>
                    <IsActive>Y</IsActive>
                    <IsTranslated>N</IsTranslated>
                </AD_Tab_Trl>
                <AD_Field type="table">
                    <AD_Client_ID>0</AD_Client_ID>
                    <AD_Org_ID>0</AD_Org_ID>
                    <Name>Model Generator</Name>
                    <Description/>
                    <Help/>
                    <AD_Tab_ID reference="uuid" reference-key="AD_Tab">44713a76-e79a-4b45-85e3-def6e70b4fd5</AD_Tab_ID>
                    <AD_Column_ID reference="uuid" reference-key="AD_Column">72ec29e0-27b4-421a-8e3e-8f6c7c954b40</AD_Column_ID>
                    <IsDisplayed>N</IsDisplayed>
                    <DisplayLogic/>
                    <DisplayLength>10</DisplayLength>
                    <SeqNo>0</SeqNo>
                    <SortNo/>
                    <IsSameLine>N</IsSameLine>
                    <IsHeading>N</IsHeading>
                    <IsFieldOnly>N</IsFieldOnly>
                    <IsEncrypted>N</IsEncrypted>
                    <IsActive>Y</IsActive>
                    <IsReadOnly>N</IsReadOnly>
                    <IsCentrallyMaintained>Y</IsCentrallyMaintained>
                    <AD_FieldGroup_ID reference="id"/>
                    <EntityType>ING</EntityType>
                    <ObscureType/>
                    <AD_Reference_ID reference="id"/>
                    <IsMandatory/>
                    <DefaultValue/>
                    <AD_Reference_Value_ID reference="id"/>
                    <AD_Val_Rule_ID reference="id"/>
                    <Included_Tab_ID reference="id"/>
                    <AD_Field_UU>af1b9d0a-b58f-41d0-b5a9-e5d565f3ad62</AD_Field_UU>
                    <IsAllowCopy/>
                    <IsDisplayedGrid>N</IsDisplayedGrid>
                    <SeqNoGrid/>
                    <XPosition>1</XPosition>
                    <ColumnSpan>2</ColumnSpan>
                    <NumLines>1</NumLines>
                    <IsQuickEntry>N</IsQuickEntry>
                    <IsUpdateable/>
                    <IsAlwaysUpdateable/>
                    <MandatoryLogic/>
                    <ReadOnlyLogic/>
                    <IsToolbarButton/>
                    <IsDefaultFocus>N</IsDefaultFocus>
                    <IsAdvancedField>N</IsAdvancedField>
                    <VFormat/>
                    <AD_LabelStyle_ID reference="id"/>
                    <AD_FieldStyle_ID reference="id"/>
                    <AD_Field_Trl type="translation">
                        <Help/>
                        <Description/>
                        <Name>Model Generator</Name>
                        <AD_Language>es_EC</AD_Language>
                        <IsActive>Y</IsActive>
                        <IsTranslated>N</IsTranslated>
                    </AD_Field_Trl>
                </AD_Field>
                <AD_Field type="table">
                    <AD_Client_ID>0</AD_Client_ID>
                    <AD_Org_ID>0</AD_Org_ID>
                    <Name>ING_ModelGenerator_UU</Name>
                    <Description/>
                    <Help/>
                    <AD_Tab_ID reference="uuid" reference-key="AD_Tab">44713a76-e79a-4b45-85e3-def6e70b4fd5</AD_Tab_ID>
                    <AD_Column_ID reference="uuid" reference-key="AD_Column">6e88b6fd-967c-4188-9993-87ec7c52f497</AD_Column_ID>
                    <IsDisplayed>N</IsDisplayed>
                    <DisplayLogic/>
                    <DisplayLength>36</DisplayLength>
                    <SeqNo>0</SeqNo>
                    <SortNo/>
                    <IsSameLine>N</IsSameLine>
                    <IsHeading>N</IsHeading>
                    <IsFieldOnly>N</IsFieldOnly>
                    <IsEncrypted>N</IsEncrypted>
                    <IsActive>Y</IsActive>
                    <IsReadOnly>N</IsReadOnly>
                    <IsCentrallyMaintained>Y</IsCentrallyMaintained>
                    <AD_FieldGroup_ID reference="id"/>
                    <EntityType>ING</EntityType>
                    <ObscureType/>
                    <AD_Reference_ID reference="id"/>
                    <IsMandatory/>
                    <DefaultValue/>
                    <AD_Reference_Value_ID reference="id"/>
                    <AD_Val_Rule_ID reference="id"/>
                    <Included_Tab_ID reference="id"/>
                    <AD_Field_UU>6e9a9bd3-08f5-4be0-9f08-b56bcf31f5db</AD_Field_UU>
                    <IsAllowCopy/>
                    <IsDisplayedGrid>N</IsDisplayedGrid>
                    <SeqNoGrid/>
                    <XPosition>1</XPosition>
                    <ColumnSpan>2</ColumnSpan>
                    <NumLines>1</NumLines>
                    <IsQuickEntry>N</IsQuickEntry>
                    <IsUpdateable/>
                    <IsAlwaysUpdateable/>
                    <MandatoryLogic/>
                    <ReadOnlyLogic/>
                    <IsToolbarButton/>
                    <IsDefaultFocus>N</IsDefaultFocus>
                    <IsAdvancedField>N</IsAdvancedField>
                    <VFormat/>
                    <AD_LabelStyle_ID reference="id"/>
                    <AD_FieldStyle_ID reference="id"/>
                    <AD_Field_Trl type="translation">
                        <Help/>
                        <Description/>
                        <Name>ING_ModelGenerator_UU</Name>
                        <AD_Language>es_EC</AD_Language>
                        <IsActive>Y</IsActive>
                        <IsTranslated>N</IsTranslated>
                    </AD_Field_Trl>
                </AD_Field>
                <AD_Field type="table">
                    <AD_Client_ID>0</AD_Client_ID>
                    <AD_Org_ID>0</AD_Org_ID>
                    <Name>Client</Name>
                    <Description>Client/Tenant for this installation.</Description>
                    <Help>A Client is a company or a legal entity. You cannot share data between Clients. Tenant is a synonym for Client.</Help>
                    <AD_Tab_ID reference="uuid" reference-key="AD_Tab">44713a76-e79a-4b45-85e3-def6e70b4fd5</AD_Tab_ID>
                    <AD_Column_ID reference="uuid" reference-key="AD_Column">35eb8acc-4b53-4614-b879-9ff8fee35694</AD_Column_ID>
                    <IsDisplayed>Y</IsDisplayed>
                    <DisplayLogic/>
                    <DisplayLength>10</DisplayLength>
                    <SeqNo>10</SeqNo>
                    <SortNo/>
                    <IsSameLine>N</IsSameLine>
                    <IsHeading>N</IsHeading>
                    <IsFieldOnly>N</IsFieldOnly>
                    <IsEncrypted>N</IsEncrypted>
                    <IsActive>Y</IsActive>
                    <IsReadOnly>N</IsReadOnly>
                    <IsCentrallyMaintained>Y</IsCentrallyMaintained>
                    <AD_FieldGroup_ID reference="id"/>
                    <EntityType>ING</EntityType>
                    <ObscureType/>
                    <AD_Reference_ID reference="id"/>
                    <IsMandatory/>
                    <DefaultValue/>
                    <AD_Reference_Value_ID reference="id"/>
                    <AD_Val_Rule_ID reference="id"/>
                    <Included_Tab_ID reference="id"/>
                    <AD_Field_UU>03afc2ec-28f1-452e-9025-79f7ddc4979d</AD_Field_UU>
                    <IsAllowCopy/>
                    <IsDisplayedGrid>N</IsDisplayedGrid>
                    <SeqNoGrid/>
                    <XPosition>1</XPosition>
                    <ColumnSpan>2</ColumnSpan>
                    <NumLines>1</NumLines>
                    <IsQuickEntry>N</IsQuickEntry>
                    <IsUpdateable/>
                    <IsAlwaysUpdateable/>
                    <MandatoryLogic/>
                    <ReadOnlyLogic/>
                    <IsToolbarButton/>
                    <IsDefaultFocus>N</IsDefaultFocus>
                    <IsAdvancedField>N</IsAdvancedField>
                    <VFormat/>
                    <AD_LabelStyle_ID reference="id"/>
                    <AD_FieldStyle_ID reference="id"/>
                    <AD_Field_Trl type="translation">
                        <Help>Grupo Empresarial. No se pueden compartir datos entre diferentes grupos empresariales.</Help>
                        <Description>Grupo Empresarial para esta instalación</Description>
                        <Name>Grupo Empresarial</Name>
                        <AD_Language>es_EC</AD_Language>
                        <IsActive>Y</IsActive>
                        <IsTranslated>Y</IsTranslated>
                    </AD_Field_Trl>
                </AD_Field>
                <AD_Field type="table">
                    <AD_Client_ID>0</AD_Client_ID>
                    <AD_Org_ID>0</AD_Org_ID>
                    <Name>Organization</Name>
                    <Description>Organizational entity within client</Description>
                    <Help>An organization is a unit of your client or legal entity - examples are store, department. You can share data between organizations.</Help>
                    <AD_Tab_ID reference="uuid" reference-key="AD_Tab">44713a76-e79a-4b45-85e3-def6e70b4fd5</AD_Tab_ID>
                    <AD_Column_ID reference="uuid" reference-key="AD_Column">292d7647-c990-4cfc-9a97-dc3eafa81aff</AD_Column_ID>
                    <IsDisplayed>Y</IsDisplayed>
                    <DisplayLogic/>
                    <DisplayLength>10</DisplayLength>
                    <SeqNo>20</SeqNo>
                    <SortNo/>
                    <IsSameLine>N</IsSameLine>
                    <IsHeading>N</IsHeading>
                    <IsFieldOnly>N</IsFieldOnly>
                    <IsEncrypted>N</IsEncrypted>
                    <IsActive>Y</IsActive>
                    <IsReadOnly>N</IsReadOnly>
                    <IsCentrallyMaintained>Y</IsCentrallyMaintained>
                    <AD_FieldGroup_ID reference="id"/>
                    <EntityType>ING</EntityType>
                    <ObscureType/>
                    <AD_Reference_ID reference="id"/>
                    <IsMandatory/>
                    <DefaultValue/>
                    <AD_Reference_Value_ID reference="id"/>
                    <AD_Val_Rule_ID reference="id"/>
                    <Included_Tab_ID reference="id"/>
                    <AD_Field_UU>6f0b448f-7fd7-4da4-93cf-5122aece7ce3</AD_Field_UU>
                    <IsAllowCopy>Y</IsAllowCopy>
                    <IsDisplayedGrid>N</IsDisplayedGrid>
                    <SeqNoGrid/>
                    <XPosition>4</XPosition>
                    <ColumnSpan>2</ColumnSpan>
                    <NumLines>1</NumLines>
                    <IsQuickEntry>N</IsQuickEntry>
                    <IsUpdateable/>
                    <IsAlwaysUpdateable/>
                    <MandatoryLogic/>
                    <ReadOnlyLogic/>
                    <IsToolbarButton/>
                    <IsDefaultFocus>N</IsDefaultFocus>
                    <IsAdvancedField>N</IsAdvancedField>
                    <VFormat/>
                    <AD_LabelStyle_ID reference="id"/>
                    <AD_FieldStyle_ID reference="id"/>
                    <AD_Field_Trl type="translation">
                        <Help>Una organización es una unidad del grupo empresarial o entidad legal - Ej. Tiendas y departamentos. Es posible compartir datos entre organizaciones.</Help>
                        <Description>Entidad organizacional dentro del grupo empresarial</Description>
                        <Name>Organización</Name>
                        <AD_Language>es_EC</AD_Language>
                        <IsActive>Y</IsActive>
                        <IsTranslated>Y</IsTranslated>
                    </AD_Field_Trl>
                </AD_Field>
                <AD_Field type="table">
                    <AD_Client_ID>0</AD_Client_ID>
                    <AD_Org_ID>0</AD_Org_ID>
                    <Name>Comment/Help</Name>
                    <Description>Comment or Hint</Description>
                    <Help>The Help field contains a hint, comment or help about the use of this item.</Help>
                    <AD_Tab_ID reference="uuid" reference-key="AD_Tab">44713a76-e79a-4b45-85e3-def6e70b4fd5</AD_Tab_ID>
                    <AD_Column_ID reference="uuid" reference-key="AD_Column">d586451b-e195-43c6-b733-8df5384ed8eb</AD_Column_ID>
                    <IsDisplayed>Y</IsDisplayed>
                    <DisplayLogic/>
                    <DisplayLength>2000</DisplayLength>
                    <SeqNo>30</SeqNo>
                    <SortNo/>
                    <IsSameLine>N</IsSameLine>
                    <IsHeading>N</IsHeading>
                    <IsFieldOnly>N</IsFieldOnly>
                    <IsEncrypted>N</IsEncrypted>
                    <IsActive>Y</IsActive>
                    <IsReadOnly>N</IsReadOnly>
                    <IsCentrallyMaintained>Y</IsCentrallyMaintained>
                    <AD_FieldGroup_ID reference="id"/>
                    <EntityType>ING</EntityType>
                    <ObscureType/>
                    <AD_Reference_ID reference="id"/>
                    <IsMandatory/>
                    <DefaultValue/>
                    <AD_Reference_Value_ID reference="id"/>
                    <AD_Val_Rule_ID reference="id"/>
                    <Included_Tab_ID reference="id"/>
                    <AD_Field_UU>383d89ce-b100-42c7-b37d-c59362b0b3eb</AD_Field_UU>
                    <IsAllowCopy/>
                    <IsDisplayedGrid>Y</IsDisplayedGrid>
                    <SeqNoGrid>10</SeqNoGrid>
                    <XPosition>1</XPosition>
                    <ColumnSpan>5</ColumnSpan>
                    <NumLines>3</NumLines>
                    <IsQuickEntry>N</IsQuickEntry>
                    <IsUpdateable/>
                    <IsAlwaysUpdateable/>
                    <MandatoryLogic/>
                    <ReadOnlyLogic/>
                    <IsToolbarButton/>
                    <IsDefaultFocus>N</IsDefaultFocus>
                    <IsAdvancedField>N</IsAdvancedField>
                    <VFormat/>
                    <AD_LabelStyle_ID reference="id"/>
                    <AD_FieldStyle_ID reference="id"/>
                    <AD_Field_Trl type="translation">
                        <Help>El campo ayuda contiene una sugerencia; comentario o ayuda acerca del uso de esta partida</Help>
                        <Description>Ayuda; Comentario o Sugerencia</Description>
                        <Name>Ayuda</Name>
                        <AD_Language>es_EC</AD_Language>
                        <IsActive>Y</IsActive>
                        <IsTranslated>Y</IsTranslated>
                    </AD_Field_Trl>
                </AD_Field>
                <AD_Field type="table">
                    <AD_Client_ID>0</AD_Client_ID>
                    <AD_Org_ID>0</AD_Org_ID>
                    <Name>Entity Type</Name>
                    <Description>Dictionary Entity Type; Determines ownership and synchronization</Description>
                    <Help>The Entity Types "Dictionary", "iDempiere" and "Application" might be automatically synchronized and customizations deleted or overwritten.  

For customizations, copy the entity and select "User"!</Help>
                    <AD_Tab_ID reference="uuid" reference-key="AD_Tab">44713a76-e79a-4b45-85e3-def6e70b4fd5</AD_Tab_ID>
                    <AD_Column_ID reference="uuid" reference-key="AD_Column">a4a5a42a-fd21-4314-8148-2832fc561135</AD_Column_ID>
                    <IsDisplayed>Y</IsDisplayed>
                    <DisplayLogic/>
                    <DisplayLength>40</DisplayLength>
                    <SeqNo>40</SeqNo>
                    <SortNo/>
                    <IsSameLine>N</IsSameLine>
                    <IsHeading>N</IsHeading>
                    <IsFieldOnly>N</IsFieldOnly>
                    <IsEncrypted>N</IsEncrypted>
                    <IsActive>Y</IsActive>
                    <IsReadOnly>N</IsReadOnly>
                    <IsCentrallyMaintained>Y</IsCentrallyMaintained>
                    <AD_FieldGroup_ID reference="id"/>
                    <EntityType>ING</EntityType>
                    <ObscureType/>
                    <AD_Reference_ID reference="id"/>
                    <IsMandatory/>
                    <DefaultValue/>
                    <AD_Reference_Value_ID reference="id"/>
                    <AD_Val_Rule_ID reference="id"/>
                    <Included_Tab_ID reference="id"/>
                    <AD_Field_UU>ddc21455-67af-43d4-85ae-e63f421d3859</AD_Field_UU>
                    <IsAllowCopy/>
                    <IsDisplayedGrid>Y</IsDisplayedGrid>
                    <SeqNoGrid>20</SeqNoGrid>
                    <XPosition>1</XPosition>
                    <ColumnSpan>2</ColumnSpan>
                    <NumLines>1</NumLines>
                    <IsQuickEntry>N</IsQuickEntry>
                    <IsUpdateable/>
                    <IsAlwaysUpdateable/>
                    <MandatoryLogic/>
                    <ReadOnlyLogic/>
                    <IsToolbarButton/>
                    <IsDefaultFocus>N</IsDefaultFocus>
                    <IsAdvancedField>N</IsAdvancedField>
                    <VFormat/>
                    <AD_LabelStyle_ID reference="id"/>
                    <AD_FieldStyle_ID reference="id"/>
                    <AD_Field_Trl type="translation">
                        <Help>Los tipos de entidad "Diccionario"; "iDempiere"; y "Aplicación" podrían ser automáticamente sincronizados y las personalizaciones eliminadas o sobreescritas</Help>
                        <Description>Tipo de Entidad Diccionario; determina propiedad y sincronización</Description>
                        <Name>Tipo de Entidad</Name>
                        <AD_Language>es_EC</AD_Language>
                        <IsActive>Y</IsActive>
                        <IsTranslated>Y</IsTranslated>
                    </AD_Field_Trl>
                </AD_Field>
                <AD_Field type="table">
                    <AD_Client_ID>0</AD_Client_ID>
                    <AD_Org_ID>0</AD_Org_ID>
                    <Name>Package Name</Name>
                    <Description/>
                    <Help/>
                    <AD_Tab_ID reference="uuid" reference-key="AD_Tab">44713a76-e79a-4b45-85e3-def6e70b4fd5</AD_Tab_ID>
                    <AD_Column_ID reference="uuid" reference-key="AD_Column">5743a731-fe90-4e31-a9a2-a14e05fb4948</AD_Column_ID>
                    <IsDisplayed>Y</IsDisplayed>
                    <DisplayLogic/>
                    <DisplayLength>50</DisplayLength>
                    <SeqNo>50</SeqNo>
                    <SortNo/>
                    <IsSameLine>N</IsSameLine>
                    <IsHeading>N</IsHeading>
                    <IsFieldOnly>N</IsFieldOnly>
                    <IsEncrypted>N</IsEncrypted>
                    <IsActive>Y</IsActive>
                    <IsReadOnly>N</IsReadOnly>
                    <IsCentrallyMaintained>Y</IsCentrallyMaintained>
                    <AD_FieldGroup_ID reference="id"/>
                    <EntityType>ING</EntityType>
                    <ObscureType/>
                    <AD_Reference_ID reference="id"/>
                    <IsMandatory/>
                    <DefaultValue/>
                    <AD_Reference_Value_ID reference="id"/>
                    <AD_Val_Rule_ID reference="id"/>
                    <Included_Tab_ID reference="id"/>
                    <AD_Field_UU>5c026fbe-9cb2-4f36-bcda-20ef6095a6e0</AD_Field_UU>
                    <IsAllowCopy/>
                    <IsDisplayedGrid>Y</IsDisplayedGrid>
                    <SeqNoGrid>40</SeqNoGrid>
                    <XPosition>4</XPosition>
                    <ColumnSpan>2</ColumnSpan>
                    <NumLines>1</NumLines>
                    <IsQuickEntry>N</IsQuickEntry>
                    <IsUpdateable/>
                    <IsAlwaysUpdateable/>
                    <MandatoryLogic/>
                    <ReadOnlyLogic/>
                    <IsToolbarButton/>
                    <IsDefaultFocus>N</IsDefaultFocus>
                    <IsAdvancedField>N</IsAdvancedField>
                    <VFormat/>
                    <AD_LabelStyle_ID reference="id"/>
                    <AD_FieldStyle_ID reference="id"/>
                    <AD_Field_Trl type="translation">
                        <Help/>
                        <Description/>
                        <Name>Nombre del paquete</Name>
                        <AD_Language>es_EC</AD_Language>
                        <IsActive>Y</IsActive>
                        <IsTranslated>N</IsTranslated>
                    </AD_Field_Trl>
                </AD_Field>
                <AD_Field type="table">
                    <AD_Client_ID>0</AD_Client_ID>
                    <AD_Org_ID>0</AD_Org_ID>
                    <Name>Folder</Name>
                    <Description>A folder on a local or remote system to store data into</Description>
                    <Help>We store files in folders, especially media files.</Help>
                    <AD_Tab_ID reference="uuid" reference-key="AD_Tab">44713a76-e79a-4b45-85e3-def6e70b4fd5</AD_Tab_ID>
                    <AD_Column_ID reference="uuid" reference-key="AD_Column">71c0a4a7-a5ee-40fc-bab3-58f55cabfd32</AD_Column_ID>
                    <IsDisplayed>Y</IsDisplayed>
                    <DisplayLogic/>
                    <DisplayLength>60</DisplayLength>
                    <SeqNo>60</SeqNo>
                    <SortNo/>
                    <IsSameLine>N</IsSameLine>
                    <IsHeading>N</IsHeading>
                    <IsFieldOnly>N</IsFieldOnly>
                    <IsEncrypted>N</IsEncrypted>
                    <IsActive>Y</IsActive>
                    <IsReadOnly>N</IsReadOnly>
                    <IsCentrallyMaintained>Y</IsCentrallyMaintained>
                    <AD_FieldGroup_ID reference="id"/>
                    <EntityType>ING</EntityType>
                    <ObscureType/>
                    <AD_Reference_ID reference="id"/>
                    <IsMandatory/>
                    <DefaultValue/>
                    <AD_Reference_Value_ID reference="id"/>
                    <AD_Val_Rule_ID reference="id"/>
                    <Included_Tab_ID reference="id"/>
                    <AD_Field_UU>cb682f66-0834-4080-a5c7-5dcf59c36ae8</AD_Field_UU>
                    <IsAllowCopy/>
                    <IsDisplayedGrid>Y</IsDisplayedGrid>
                    <SeqNoGrid>30</SeqNoGrid>
                    <XPosition>1</XPosition>
                    <ColumnSpan>5</ColumnSpan>
                    <NumLines>1</NumLines>
                    <IsQuickEntry>N</IsQuickEntry>
                    <IsUpdateable/>
                    <IsAlwaysUpdateable/>
                    <MandatoryLogic/>
                    <ReadOnlyLogic/>
                    <IsToolbarButton/>
                    <IsDefaultFocus>N</IsDefaultFocus>
                    <IsAdvancedField>N</IsAdvancedField>
                    <VFormat/>
                    <AD_LabelStyle_ID reference="id"/>
                    <AD_FieldStyle_ID reference="id"/>
                    <AD_Field_Trl type="translation">
                        <Help>Nosotros almacenamos archivos en carpetas, especialmente en archivos media.</Help>
                        <Description>Una carpeta en un sistema local o remoto en el cual se almacenan datos.</Description>
                        <Name>Carpeta</Name>
                        <AD_Language>es_EC</AD_Language>
                        <IsActive>Y</IsActive>
                        <IsTranslated>Y</IsTranslated>
                    </AD_Field_Trl>
                </AD_Field>
                <AD_Field type="table">
                    <AD_Client_ID>0</AD_Client_ID>
                    <AD_Org_ID>0</AD_Org_ID>
                    <Name>ING_Table_ID</Name>
                    <Description/>
                    <Help/>
                    <AD_Tab_ID reference="uuid" reference-key="AD_Tab">44713a76-e79a-4b45-85e3-def6e70b4fd5</AD_Tab_ID>
                    <AD_Column_ID reference="uuid" reference-key="AD_Column">0295c4ed-bbfe-42b0-a0dc-33df7c2628e9</AD_Column_ID>
                    <IsDisplayed>Y</IsDisplayed>
                    <DisplayLogic>@TableName@=""</DisplayLogic>
                    <DisplayLength>10</DisplayLength>
                    <SeqNo>70</SeqNo>
                    <SortNo/>
                    <IsSameLine>N</IsSameLine>
                    <IsHeading>N</IsHeading>
                    <IsFieldOnly>N</IsFieldOnly>
                    <IsEncrypted>N</IsEncrypted>
                    <IsActive>Y</IsActive>
                    <IsReadOnly>N</IsReadOnly>
                    <IsCentrallyMaintained>Y</IsCentrallyMaintained>
                    <AD_FieldGroup_ID reference="id"/>
                    <EntityType>ING</EntityType>
                    <ObscureType/>
                    <AD_Reference_ID reference="id"/>
                    <IsMandatory/>
                    <DefaultValue/>
                    <AD_Reference_Value_ID reference="id"/>
                    <AD_Val_Rule_ID reference="id"/>
                    <Included_Tab_ID reference="id"/>
                    <AD_Field_UU>c54d8904-f93d-432c-996a-aff135742631</AD_Field_UU>
                    <IsAllowCopy/>
                    <IsDisplayedGrid>Y</IsDisplayedGrid>
                    <SeqNoGrid>70</SeqNoGrid>
                    <XPosition>1</XPosition>
                    <ColumnSpan>2</ColumnSpan>
                    <NumLines>1</NumLines>
                    <IsQuickEntry>N</IsQuickEntry>
                    <IsUpdateable/>
                    <IsAlwaysUpdateable/>
                    <MandatoryLogic/>
                    <ReadOnlyLogic/>
                    <IsToolbarButton/>
                    <IsDefaultFocus>N</IsDefaultFocus>
                    <IsAdvancedField>N</IsAdvancedField>
                    <VFormat/>
                    <AD_LabelStyle_ID reference="id"/>
                    <AD_FieldStyle_ID reference="id"/>
                    <AD_Field_Trl type="translation">
                        <Help/>
                        <Description/>
                        <Name>ING_Table_ID</Name>
                        <AD_Language>es_EC</AD_Language>
                        <IsActive>Y</IsActive>
                        <IsTranslated>N</IsTranslated>
                    </AD_Field_Trl>
                </AD_Field>
                <AD_Field type="table">
                    <AD_Client_ID>0</AD_Client_ID>
                    <AD_Org_ID>0</AD_Org_ID>
                    <Name>DB Table Name</Name>
                    <Description>Name of the table in the database</Description>
                    <Help>The DB Table Name indicates the name of the table in database.</Help>
                    <AD_Tab_ID reference="uuid" reference-key="AD_Tab">44713a76-e79a-4b45-85e3-def6e70b4fd5</AD_Tab_ID>
                    <AD_Column_ID reference="uuid" reference-key="AD_Column">136f15c8-bc43-466a-a21a-8dc013bb7595</AD_Column_ID>
                    <IsDisplayed>Y</IsDisplayed>
                    <DisplayLogic>@ING_Table_ID@=0</DisplayLogic>
                    <DisplayLength>40</DisplayLength>
                    <SeqNo>80</SeqNo>
                    <SortNo/>
                    <IsSameLine>N</IsSameLine>
                    <IsHeading>N</IsHeading>
                    <IsFieldOnly>N</IsFieldOnly>
                    <IsEncrypted>N</IsEncrypted>
                    <IsActive>Y</IsActive>
                    <IsReadOnly>N</IsReadOnly>
                    <IsCentrallyMaintained>Y</IsCentrallyMaintained>
                    <AD_FieldGroup_ID reference="id"/>
                    <EntityType>ING</EntityType>
                    <ObscureType/>
                    <AD_Reference_ID reference="id"/>
                    <IsMandatory/>
                    <DefaultValue/>
                    <AD_Reference_Value_ID reference="id"/>
                    <AD_Val_Rule_ID reference="id"/>
                    <Included_Tab_ID reference="id"/>
                    <AD_Field_UU>981f16c9-1289-4c0f-8f74-0d5bc4945c39</AD_Field_UU>
                    <IsAllowCopy/>
                    <IsDisplayedGrid>Y</IsDisplayedGrid>
                    <SeqNoGrid>50</SeqNoGrid>
                    <XPosition>4</XPosition>
                    <ColumnSpan>2</ColumnSpan>
                    <NumLines>1</NumLines>
                    <IsQuickEntry>N</IsQuickEntry>
                    <IsUpdateable/>
                    <IsAlwaysUpdateable/>
                    <MandatoryLogic/>
                    <ReadOnlyLogic/>
                    <IsToolbarButton/>
                    <IsDefaultFocus>N</IsDefaultFocus>
                    <IsAdvancedField>N</IsAdvancedField>
                    <VFormat/>
                    <AD_LabelStyle_ID reference="id"/>
                    <AD_FieldStyle_ID reference="id"/>
                    <AD_Field_Trl type="translation">
                        <Help>Indica el nombre de la tabla en una base de datos.</Help>
                        <Description>Nombre de la tabla en la base de datos</Description>
                        <Name>Nombre de Tabla</Name>
                        <AD_Language>es_EC</AD_Language>
                        <IsActive>Y</IsActive>
                        <IsTranslated>Y</IsTranslated>
                    </AD_Field_Trl>
                </AD_Field>
                <AD_Field type="table">
                    <AD_Client_ID>0</AD_Client_ID>
                    <AD_Org_ID>0</AD_Org_ID>
                    <Name>Active</Name>
                    <Description>The record is active in the system</Description>
                    <Help>There are two methods of making records unavailable in the system: One is to delete the record, the other is to de-activate the record. A de-activated record is not available for selection, but available for reports.
There are two reasons for de-activating and not deleting records:
(1) The system requires the record for audit purposes.
(2) The record is referenced by other records. E.g., you cannot delete a Business Partner, if there are invoices for this partner record existing. You de-activate the Business Partner and prevent that this record is used for future entries.</Help>
                    <AD_Tab_ID reference="uuid" reference-key="AD_Tab">44713a76-e79a-4b45-85e3-def6e70b4fd5</AD_Tab_ID>
                    <AD_Column_ID reference="uuid" reference-key="AD_Column">bc813a28-f6aa-4899-be84-8ea758bb6b86</AD_Column_ID>
                    <IsDisplayed>Y</IsDisplayed>
                    <DisplayLogic/>
                    <DisplayLength>1</DisplayLength>
                    <SeqNo>90</SeqNo>
                    <SortNo/>
                    <IsSameLine>N</IsSameLine>
                    <IsHeading>N</IsHeading>
                    <IsFieldOnly>N</IsFieldOnly>
                    <IsEncrypted>N</IsEncrypted>
                    <IsActive>Y</IsActive>
                    <IsReadOnly>N</IsReadOnly>
                    <IsCentrallyMaintained>Y</IsCentrallyMaintained>
                    <AD_FieldGroup_ID reference="id"/>
                    <EntityType>ING</EntityType>
                    <ObscureType/>
                    <AD_Reference_ID reference="id"/>
                    <IsMandatory/>
                    <DefaultValue/>
                    <AD_Reference_Value_ID reference="id"/>
                    <AD_Val_Rule_ID reference="id"/>
                    <Included_Tab_ID reference="id"/>
                    <AD_Field_UU>80f352f2-87fd-49e2-8833-9890839d6041</AD_Field_UU>
                    <IsAllowCopy/>
                    <IsDisplayedGrid>Y</IsDisplayedGrid>
                    <SeqNoGrid>60</SeqNoGrid>
                    <XPosition>2</XPosition>
                    <ColumnSpan>2</ColumnSpan>
                    <NumLines>1</NumLines>
                    <IsQuickEntry>N</IsQuickEntry>
                    <IsUpdateable/>
                    <IsAlwaysUpdateable/>
                    <MandatoryLogic/>
                    <ReadOnlyLogic/>
                    <IsToolbarButton/>
                    <IsDefaultFocus>N</IsDefaultFocus>
                    <IsAdvancedField>N</IsAdvancedField>
                    <VFormat/>
                    <AD_LabelStyle_ID reference="id"/>
                    <AD_FieldStyle_ID reference="id"/>
                    <AD_Field_Trl type="translation">
                        <Help>Hay dos métodos para que los registros no estén disponibles en el sistema: Uno es eliminar el registro; el otro es desactivarlo. Un registro desactivado no está disponible para selección; pero está disponible para Informes</Help>
                        <Description>El registro está activo en el sistema</Description>
                        <Name>Activo</Name>
                        <AD_Language>es_EC</AD_Language>
                        <IsActive>Y</IsActive>
                        <IsTranslated>Y</IsTranslated>
                    </AD_Field_Trl>
                </AD_Field>
                <AD_Field type="table">
                    <AD_Client_ID>0</AD_Client_ID>
                    <AD_Org_ID>0</AD_Org_ID>
                    <Name>Model Generator</Name>
                    <Description/>
                    <Help/>
                    <AD_Tab_ID reference="uuid" reference-key="AD_Tab">44713a76-e79a-4b45-85e3-def6e70b4fd5</AD_Tab_ID>
                    <AD_Column_ID reference="uuid" reference-key="AD_Column">b6c1303a-fb3b-42ca-8c0d-4df48883219d</AD_Column_ID>
                    <IsDisplayed>Y</IsDisplayed>
                    <DisplayLogic/>
                    <DisplayLength>1</DisplayLength>
                    <SeqNo>100</SeqNo>
                    <SortNo/>
                    <IsSameLine>N</IsSameLine>
                    <IsHeading>N</IsHeading>
                    <IsFieldOnly>N</IsFieldOnly>
                    <IsEncrypted>N</IsEncrypted>
                    <IsActive>Y</IsActive>
                    <IsReadOnly>N</IsReadOnly>
                    <IsCentrallyMaintained>Y</IsCentrallyMaintained>
                    <AD_FieldGroup_ID reference="id"/>
                    <EntityType>ING</EntityType>
                    <ObscureType/>
                    <AD_Reference_ID reference="id"/>
                    <IsMandatory/>
                    <DefaultValue/>
                    <AD_Reference_Value_ID reference="id"/>
                    <AD_Val_Rule_ID reference="id"/>
                    <Included_Tab_ID reference="id"/>
                    <AD_Field_UU>c57e3536-e4ca-4f4c-aced-4b9380511ca7</AD_Field_UU>
                    <IsAllowCopy/>
                    <IsDisplayedGrid>Y</IsDisplayedGrid>
                    <SeqNoGrid>80</SeqNoGrid>
                    <XPosition>5</XPosition>
                    <ColumnSpan>2</ColumnSpan>
                    <NumLines>1</NumLines>
                    <IsQuickEntry>N</IsQuickEntry>
                    <IsUpdateable/>
                    <IsAlwaysUpdateable/>
                    <MandatoryLogic/>
                    <ReadOnlyLogic/>
                    <IsToolbarButton/>
                    <IsDefaultFocus>N</IsDefaultFocus>
                    <IsAdvancedField>N</IsAdvancedField>
                    <VFormat/>
                    <AD_LabelStyle_ID reference="id"/>
                    <AD_FieldStyle_ID reference="id"/>
                    <AD_Field_Trl type="translation">
                        <Help/>
                        <Description/>
                        <Name>Model Generator</Name>
                        <AD_Language>es_EC</AD_Language>
                        <IsActive>Y</IsActive>
                        <IsTranslated>N</IsTranslated>
                    </AD_Field_Trl>
                </AD_Field>
            </AD_Tab>
        </AD_Window>
    </AD_Menu>
</idempiere>
